iata,name,city,lat,lon
AAF,Apalachicola Regional Airport,Apalachicola,29.7275,-85.0275
AAP,Andrau Airpark,Houston,29.7225,-95.5883
ABE,Lehigh Valley International Airport,Allentown,40.6521,-75.4408
ABI,Abilene Regional Airport,Abilene,32.4113,-99.6819
ABL,Ambler Airport,Ambler,67.1063,-157.85699
ABQ,Albuquerque International Sunport,Albuquerque,35.0402,-106.609
ABR,Aberdeen Regional Airport,Aberdeen,45.4491,-98.4218
ABY,Southwest Georgia Regional Airport,Albany,31.5355,-84.1945
ACK,Nantucket Memorial Airport,Nantucket,41.2531,-70.0602
ACT,Waco Regional Airport,Waco,31.6113,-97.2305
ACV,California Redwood Coast-Humboldt County Airport,Arcata CA,40.9781,-124.109
ACY,Atlantic City International Airport,Atlantic City,39.4576,-74.5772
ADK,Adak Airport,Adak Island,51.878,-176.646
ADM,Ardmore Municipal Airport,Ardmore,34.30301,-97.01963
ADQ,Kodiak Airport,Kodiak,57.75,-152.494
ADS,Addison Airport,Addison,32.9686,-96.8364
ADT,Ada Regional Airport,Ada,34.8043,-96.6713
ADW,Joint Base Andrews,Camp Springs,38.8108,-76.867
AET,Allakaket Airport,Allakaket,66.5518,-152.62199
AEX,Alexandria International Airport,Alexandria,31.3274,-92.5498
AFW,Fort Worth Alliance Airport,Fort Worth,32.9876,-97.3188
AGC,Allegheny County Airport,Pittsburgh,40.3544,-79.9302
AGN,Angoon Seaplane Base,Angoon,57.5036,-134.58501
AGS,Augusta Regional At Bush Field,Bush Field,33.3699,-81.9645
AHN,Athens Ben Epps Airport,Athens,33.9486,-83.3263
AIA,Alliance Municipal Airport,Alliance,42.0532,-102.804
AID,Anderson Municipal Darlington Field,ANDERSON,40.1086,-85.613
AIK,Aiken Regional Airport,Aiken,33.6494,-81.685
AIN,Wainwright Airport,Wainwright,70.638,-159.995
AIZ,Lee C Fine Memorial Airport,Kaiser Lake Ozark,38.096,-92.5495
AKB,Atka Airport,Atka,52.2203,-174.20599
AKC,Akron Fulton International Airport,Akron,41.0375,-81.4669
AKI,Akiak Airport,Akiak,60.9029,-161.231
AKK,Akhiok Airport,Akhiok,56.9387,-154.183
AKN,King Salmon Airport,King Salmon,58.6768,-156.649
AKO,Colorado Plains Regional Airport,Akron,40.1756,-103.222
AKP,Anaktuvuk Pass Airport,Anaktuvuk Pass,68.1336,-151.743
ALB,Albany International Airport,Albany,42.7483,-73.8017
ALE,Alpine Casparis Municipal Airport,Alpine,30.3842,-103.684
ALI,Alice International Airport,Alice,27.7409,-98.0269
ALM,Alamogordo White Sands Regional Airport,Alamogordo,32.8399,-105.991
ALN,St Louis Regional Airport,Alton/St Louis,38.8903,-90.046
ALO,Waterloo Regional Airport,Waterloo,42.5571,-92.4003
ALS,San Luis Valley Regional Bergman Field,Alamosa,37.4349,-105.867
ALW,Walla Walla Regional Airport,Walla Walla,46.0949,-118.288
ALX,Thomas C Russell Field,Alexander City,32.9147,-85.963
AMA,Rick Husband Amarillo International Airport,Amarillo,35.2194,-101.706
ANB,Anniston Regional Airport,Anniston,33.5882,-85.8581
ANC,Ted Stevens Anchorage International Airport,Anchorage,61.1744,-149.996
AND,Anderson Regional Airport,Andersen,34.4946,-82.7094
ANI,Aniak Airport,Aniak,61.5816,-159.543
ANN,Annette Island Airport,Annette Island,55.0424,-131.57201
ANP,Lee Airport,Annapolis,38.9429,-76.5684
ANQ,Tri State Steuben County Airport,Angola,41.6397,-85.0835
ANV,Anvik Airport,Anvik,62.6467,-160.19099
AOH,Lima Allen County Airport,Lima,40.7069,-84.0267
AOO,Altoona Blair County Airport,Altoona,40.2964,-78.32
APA,Centennial Airport,Denver,39.5701,-104.849
APC,Napa County Airport,Napa,38.2132,-122.281
APF,Naples Municipal Airport,Naples,26.1526,-81.7753
APG,Phillips Army Air Field,Aberdeen,39.4662,-76.1688
APN,Alpena County Regional Airport,Alpena,45.0781,-83.5603
APT,Marion County Brown Field,Jasper,35.0607,-85.5853
ARA,Acadiana Regional Airport,Louisiana,30.0378,-91.8839
ARB,Ann Arbor Municipal Airport,Ann Arbor,42.223,-83.7456
ARC,Arctic Village Airport,Arctic Village,68.1147,-145.57899
ART,Watertown International Airport,Watertown,43.9919,-76.0217
ARV,Lakeland-Noble F. Lee Memorial field,Minocqua - Woodruff,45.9279,-89.7309
ASE,Aspen-Pitkin Co/Sardy Field,Aspen,39.2232,-106.869
ASH,Boire Field,Nashua,42.7817,-71.5148
ASN,Talladega Municipal Airport,Talladega,33.5699,-86.0509
AST,Astoria Regional Airport,Astoria,46.158,-123.879
ATK,Atqasuk Edward Burnell Sr Memorial Airport,Atqasuk,70.4673,-157.436
ATL,Hartsfield Jackson Atlanta International Airport,Atlanta,33.6367,-84.4281
ATO,Ohio University Snyder Field,Athens,39.211,-82.2314
ATW,Appleton International Airport,Appleton,44.2581,-88.5191
ATY,Watertown Regional Airport,Watertown,44.914,-97.1547
AUG,Augusta State Airport,Augusta,44.3206,-69.7973
AUK,Alakanuk Airport,Alakanuk,62.68004,-164.65993
AUO,Auburn University Regional Airport,Auburn,32.6151,-85.434
AUS,Austin Bergstrom International Airport,Austin,30.1945,-97.6699
AUW,Wausau Downtown Airport,Wausau,44.9262,-89.6266
AVL,Asheville Regional Airport,Asheville,35.4362,-82.5418
AVO,Avon Park Executive Airport,Avon Park,27.5912,-81.5278
AVP,Wilkes Barre Scranton International Airport,Scranton,41.3385,-75.7234
AVW,Marana Regional Airport,Tucson,32.4096,-111.218
AVX,Catalina Airport,Catalina Island,33.4049,-118.416
AXN,Chandler Field,Alexandria,45.8663,-95.3947
AYS,Waycross Ware County Airport,Waycross,31.2491,-82.3955
AZA,Phoenix-Mesa-Gateway Airport,Mesa,33.3078,-111.655
AZO,Kalamazoo Battle Creek International Airport,Kalamazoo,42.2349,-85.5521
BAB,Beale Air Force Base,Marysville,39.1361,-121.437
BAD,Barksdale Air Force Base,Shreveport,32.5018,-93.6627
BAF,Westfield-Barnes Regional Airport,Westfield,42.1578,-72.7156
BBC,Bay City Municipal Airport,Bay City,28.9733,-95.8635
BBD,Curtis Field,Brady,31.1793,-99.3239
BBX,Wings Field,Philadelphia,40.1375,-75.2651
BCE,Bryce Canyon Airport,Bryce Canyon,37.7064,-112.145
BCT,Boca Raton Airport,Boca Raton,26.3785,-80.1077
BDE,Baudette International Airport,Baudette,48.7284,-94.6122
BDL,Bradley International Airport,Windsor Locks,41.9389,-72.6832
BDR,Igor I Sikorsky Memorial Airport,Stratford,41.1635,-73.1262
BEC,Beech Factory Airport,Wichita,37.6945,-97.215
BED,Laurence G Hanscom Field,Bedford,42.47,-71.289
BET,Bethel Airport,Bethel,60.7798,-161.838
BFD,Bradford Regional Airport,Bradford,41.8031,-78.6401
BFF,Western Neb. Rgnl/William B. Heilig Airport,Scottsbluff,41.874,-103.596
BFI,Boeing Field King County International Airport,Seattle,47.53,-122.302
BFK,Buckley Air Force Base,Buckley,39.7017,-104.752
BFL,Meadows Field,Bakersfield,35.4336,-119.057
BFM,Mobile Downtown Airport,Mobile,30.6268,-88.0681
BFP,Beaver County Airport,Beaver Falls,40.7725,-80.3914
BFT,Beaufort County Airport,Beaufort,32.4122,-80.6344
BGD,Hutchinson County Airport,Borger,35.7009,-101.394
BGE,Decatur County Industrial Air Park,Bainbridge,30.9715,-84.6374
BGM,Greater Binghamton/Edwin A Link field,Binghamton,42.2087,-75.9798
BGR,Bangor International Airport,Bangor,44.8074,-68.8281
BHB,Hancock County-Bar Harbor Airport,Bar Harbor,44.45,-68.3615
BHM,Birmingham-Shuttlesworth International Airport,Birmingham,33.5629,-86.7535
BID,Block Island State Airport,Block Island,41.1681,-71.5778
BIF,Biggs Army Air Field (Fort Bliss),El Paso,31.8495,-106.38
BIG,Allen Army Airfield,Delta Junction,63.9945,-145.722
BIH,Eastern Sierra Regional Airport,Bishop,37.3731,-118.364
BIL,Billings Logan International Airport,Billings,45.8077,-108.543
BIS,Bismarck Municipal Airport,Bismarck,46.7727,-100.746
BIX,Keesler Air Force Base,Biloxi,30.4104,-88.9244
BJC,Rocky Mountain Metropolitan Airport,Broomfield-CO,39.9088,-105.117
BJI,Bemidji Regional Airport,Bemidji,47.5094,-94.9337
BKC,Buckland Airport,Buckland,65.9816,-161.149
BKD,Stephens County Airport,Breckenridge,32.719,-98.891
BKE,Baker City Municipal Airport,Baker City,44.8373,-117.809
BKG,Branson Airport,Branson,36.53208,-93.20054
BKH,Barking Sands Airport,Barking Sands,22.0228,-159.785
BKL,Burke Lakefront Airport,Cleveland,41.5175,-81.6833
BKW,Raleigh County Memorial Airport,Beckley,37.7873,-81.1242
BLF,Mercer County Airport,Bluefield,37.2958,-81.2077
BLH,Blythe Airport,Blythe,33.6192,-114.717
BLI,Bellingham International Airport,Bellingham,48.7928,-122.538
BLV,Scott AFB/Midamerica Airport,Belleville,38.5452,-89.8352
BMC,Brigham City Regional Airport,Brigham City,41.5524,-112.062
BMG,Monroe County Airport,Bloomington,39.146,-86.6167
BMI,Central Illinois Regional Airport at Bloomington-Normal,Bloomington,40.4771,-88.9159
BMT,Beaumont Municipal Airport,Beaumont,30.0707,-94.2158
BMX,Big Mountain Airport,Big Mountain,59.3612,-155.259
BNA,Nashville International Airport,Nashville,36.1245,-86.6782
BNG,Banning Municipal Airport,Banning,33.9231,-116.851
BNO,Burns Municipal Airport,Burns,43.5919,-118.955
BOI,Boise Air Terminal/Gowen Field,Boise,43.5644,-116.223
BOS,General Edward Lawrence Logan International Airport,Boston,42.3643,-71.0052
BOW,Bartow Municipal Airport,Bartow,27.9434,-81.7834
BPI,Miley Memorial Field,Big Piney,42.5851,-110.111
BPT,Southeast Texas Regional Airport,Beaumont,29.9508,-94.0207
BQK,Brunswick Golden Isles Airport,Brunswick,31.2588,-81.4665
BRD,Brainerd Lakes Regional Airport,Brainerd,46.3983,-94.1381
BRL,Southeast Iowa Regional Airport,Burlington,40.7832,-91.1255
BRO,Brownsville South Padre Island International Airport,Brownsville,25.9068,-97.4259
BRW,Wiley Post Will Rogers Memorial Airport,Barrow,71.2854,-156.76601
BSF,Bradshaw Army Airfield,Bradshaw Field,19.7601,-155.554
BTI,Barter Island LRRS Airport,Barter Island,70.134,-143.582
BTL,W K Kellogg Airport,Battle Creek,42.3073,-85.2515
BTM,Bert Mooney Airport,Butte,45.9548,-112.497
BTR,Baton Rouge Metropolitan Airport,Baton Rouge,30.5332,-91.1496
BTT,Bettles Airport,Bettles,66.9139,-151.52901
BTV,Burlington International Airport,Burlington,44.4719,-73.1533
BUF,Buffalo Niagara International Airport,Buffalo,42.9405,-78.7322
BUR,Bob Hope Airport,Burbank,34.2007,-118.359
BVY,Beverly Municipal Airport,Beverly,42.5842,-70.9165
BWG,Bowling Green Warren County Regional Airport,Bowling Green,36.9645,-86.4197
BWI,Baltimore/Washington International Thurgood Marshall Airport,Baltimore,39.1754,-76.6683
BXK,Buckeye Municipal Airport,Buckeye,33.4204,-112.686
BYH,Arkansas International Airport,Blytheville,35.9643,-89.944
BYI,Burley Municipal Airport,Burley,42.5426,-113.772
BYS,Bicycle Lake Army Air Field,Fort Irwin,35.2805,-116.63
BZN,Gallatin Field,Bozeman,45.7775,-111.153
CAE,Columbia Metropolitan Airport,Columbia,33.9388,-81.1195
CAK,Akron Canton Regional Airport,Akron,40.9161,-81.4422
CAR,Caribou Municipal Airport,Caribou,46.8715,-68.0179
CBE,Greater Cumberland Regional Airport,Cumberland,39.6154,-78.7609
CBF,Council Bluffs Municipal Airport,Council Bluffs,41.2592,-95.7606
CBM,Columbus Air Force Base,Colombus,33.6438,-88.4438
CCB,Cable Airport,Upland,34.1116,-117.688
CCR,Buchanan Field,Concord,37.9897,-122.057
CCY,Northeast Iowa Regional Airport,Charles City,43.0726,-92.6108
CDB,Cold Bay Airport,Cold Bay,55.2061,-162.72501
CDC,Cedar City Regional Airport,Cedar City,37.701,-113.099
CDN,Woodward Field,Camden,34.2836,-80.5649
CDR,Chadron Municipal Airport,Chadron,42.8376,-103.095
CDS,Childress Municipal Airport,Childress,34.4338,-100.288
CDV,Merle K (Mudhole) Smith Airport,Cordova,60.4918,-145.478
CDW,Essex County Airport,Caldwell,40.8752,-74.2814
CEC,Jack Mc Namara Field Airport,Crescent City,41.7802,-124.237
CEF,Westover ARB/Metropolitan Airport,Chicopee Falls,42.194,-72.5348
CEM,Central Airport,Central,65.5738,-144.783
CEU,Oconee County Regional Airport,Clemson,34.6719,-82.8865
CEW,Bob Sikes Airport,Crestview,30.7788,-86.5221
CEZ,Cortez Municipal Airport,Cortez,37.303,-108.628
CFD,Coulter Field,Bryan,30.7157,-96.3314
CFV,Coffeyville Municipal Airport,Coffeyville,37.094,-95.5719
CGF,Cuyahoga County Airport,Richmond Heights,41.5651,-81.4864
CGI,Cape Girardeau Regional Airport,Cape Girardeau,37.2253,-89.5708
CGX,Chicago Meigs Airport,Chicago,41.8588,-87.6079
CGZ,Casa Grande Municipal Airport,Casa Grande,32.9549,-111.767
CHA,Lovell Field,Chattanooga,35.0353,-85.2038
CHO,Charlottesville Albemarle Airport,Charlottesville VA,38.1386,-78.4529
CHS,Charleston Air Force Base-International Airport,Charleston,32.8986,-80.0405
CHU,Chuathbaluk Airport,Chuathbaluk,61.5791,-159.216
CIC,Chico Municipal Airport,Chico,39.7954,-121.858
CID,The Eastern Iowa Airport,Cedar Rapids,41.8847,-91.7108
CIK,Chalkyitsik Airport,Chalkyitsik,66.645,-143.74001
CIU,Chippewa County International Airport,Sault Ste Marie,46.2508,-84.4724
CKB,North Central West Virginia Airport,Clarksburg,39.2966,-80.2281
CKV,Clarksville–Montgomery County Regional Airport,Clarksville,36.6219,-87.415
CLD,Mc Clellan-Palomar Airport,Carlsbad,33.1283,-117.28
CLE,Cleveland Hopkins International Airport,Cleveland,41.4117,-81.8498
CLL,Easterwood Field,College Station,30.5886,-96.3638
CLM,William R Fairchild International Airport,Port Angeles,48.1202,-123.5
CLP,Clarks Point Airport,Clarks Point,58.8337,-158.52901
CLS,Chehalis Centralia Airport,Chehalis,46.677,-122.983
CLT,Charlotte Douglas International Airport,Charlotte,35.214,-80.9431
CLU,Columbus Municipal Airport,Columbus,39.2619,-85.8963
CLW,Clearwater Air Park,Clearwater,27.9767,-82.7587
CMH,John Glenn Columbus International Airport,Columbus,39.998,-82.8919
CMI,University of Illinois Willard Airport,Champaign,40.0392,-88.2781
CMX,Houghton County Memorial Airport,Hancock,47.1684,-88.4891
CNM,Cavern City Air Terminal,Carlsbad,32.3375,-104.263
CNO,Chino Airport,Chino,33.9747,-117.637
CNU,Chanute Martin Johnson Airport,Chanute,37.6688,-95.4851
CNW,TSTC Waco Airport,Waco,31.6378,-97.0741
CNY,Canyonlands Field,Moab,38.755,-109.755
COD,Yellowstone Regional Airport,Cody,44.5202,-109.024
COE,Coeur D'Alene - Pappy Boyington Field,Coeur d'Alene,47.7743,-116.82
COF,Patrick Air Force Base,Coco Beach,28.2349,-80.6101
CON,Concord Municipal Airport,Concord NH,43.2027,-71.5023
COS,City of Colorado Springs Municipal Airport,Colorado Springs,38.8058,-104.701
COT,Cotulla-La Salle County Airport,Cotulla,28.4567,-99.2203
COU,Columbia Regional Airport,Columbia,38.8181,-92.2196
CPR,Casper-Natrona County International Airport,Casper,42.908,-106.464
CRE,Grand Strand Airport,North Myrtle Beach,33.8117,-78.7239
CRG,Jacksonville Executive at Craig Airport,Jacksonville,30.3363,-81.5144
CRP,Corpus Christi International Airport,Corpus Christi,27.7704,-97.5012
CRW,Yeager Airport,Charleston,38.3731,-81.5932
CSG,Columbus Metropolitan Airport,Columbus,32.5163,-84.9389
CSM,Clinton Sherman Airport,Clinton,35.3398,-99.2005
CSV,Crossville Memorial Whitson Field,Crossville,35.9513,-85.085
CTB,Cut Bank International Airport,Cutbank,48.6084,-112.376
CTH,Chester County G O Carlson Airport,Coatesville,39.979,-75.8655
CTY,Cross City Airport,Cross City,29.6355,-83.1048
CUB,Jim Hamilton L.B. Owens Airport,Columbia,33.9705,-80.9952
CUH,Cushing Municipal Airport,Cushing,35.9499,-96.7731
CVG,Cincinnati Northern Kentucky International Airport,Cincinnati,39.0488,-84.6678
CVN,Clovis Municipal Airport,Clovis,34.4251,-103.079
CVO,Corvallis Municipal Airport,Corvallis,44.4972,-123.29
CVS,Cannon Air Force Base,Clovis,34.3828,-103.322
CWA,Central Wisconsin Airport,Wassau,44.7776,-89.6668
CWI,Clinton Municipal Airport,Clinton,41.8311,-90.3291
CXL,Calexico International Airport,Calexico,32.6695,-115.513
CXO,Conroe-North Houston Regional Airport,Conroe,30.3518,-95.4145
CYF,Chefornak Airport,Chefornak,60.1492,-164.286
CYS,Cheyenne Regional Jerry Olson Field,Cheyenne,41.1557,-104.812
CYT,Yakataga Airport,Yakataga,60.08097,-142.49454
CZF,Cape Romanzof LRRS Airport,Cape Romanzof,61.7803,-166.039
DAA,Davison Army Air Field,Fort Belvoir,38.715,-77.181
DAB,Daytona Beach International Airport,Daytona Beach,29.1799,-81.0581
DAG,Barstow Daggett Airport,Daggett,34.8537,-116.787
DAL,Dallas Love Field,Dallas,32.8471,-96.8518
DAN,Danville Regional Airport,Danville,36.5729,-79.3361
DAY,James M Cox Dayton International Airport,Dayton,39.9024,-84.2194
DBN,W H 'Bud' Barron Airport,Dublin,32.5644,-82.9853
DBQ,Dubuque Regional Airport,Dubuque IA,42.402,-90.7095
DCA,Ronald Reagan Washington National Airport,Washington,38.8521,-77.0377
DCU,Pryor Field Regional Airport,Decatur,34.6527,-86.9454
DDC,Dodge City Regional Airport,Dodge City,37.7634,-99.9656
DEC,Decatur Airport,Decatur,39.8346,-88.8657
DEN,Denver International Airport,Denver,39.8617,-104.673
DET,Coleman A. Young Municipal Airport,Detroit,42.4092,-83.0099
DFW,Dallas Fort Worth International Airport,Dallas-Fort Worth,32.8968,-97.038
DGL,Douglas Municipal Airport,Douglas,31.3426,-109.506
DHN,Dothan Regional Airport,Dothan,31.3213,-85.4496
DHT,Dalhart Municipal Airport,Dalhart,36.0226,-102.547
DIK,Dickinson Theodore Roosevelt Regional Airport,Dickinson,46.7974,-102.802
DKK,Chautauqua County-Dunkirk Airport,Dunkirk,42.4933,-79.272
DLF,DLF Airport,Del Rio,29.3595,-100.778
DLG,Dillingham Airport,Dillingham,59.0447,-158.505
DLH,Duluth International Airport,Duluth,46.8421,-92.1936
DLS,Columbia Gorge Regional the Dalles Municipal Airport,The Dalles,45.6185,-121.167
DMA,Davis Monthan Air Force Base,Tucson,32.1665,-110.883
DMN,Deming Municipal Airport,Deming,32.2623,-107.721
DNL,Daniel Field,Augusta,33.4665,-82.0394
DNN,Dalton Municipal Airport,Dalton,34.7229,-84.8702
DNV,Vermilion Regional Airport,Danville,40.1992,-87.5959
DOV,Dover Air Force Base,Dover,39.1295,-75.466
DPA,Dupage Airport,West Chicago,41.9078,-88.2486
DRA,Desert Rock Airport,Mercury,36.6194,-116.033
DRE,Drummond Island Airport,Drummond Island,46.0093,-83.7439
DRG,Deering Airport,Deering,66.0696,-162.76601
DRI,Beauregard Regional Airport,Deridder,30.8317,-93.3399
DRO,Durango La Plata County Airport,Durango,37.1515,-107.754
DRT,Del Rio International Airport,Del Rio,29.3742,-100.927
DSI,Destin Executive Airport,Destin,30.4001,-86.4715
DSM,Des Moines International Airport,Des Moines,41.534,-93.6631
DTA,Delta Municipal Airport,Delta,39.3806,-112.508
DTN,Shreveport Downtown Airport,Shreveport,32.5402,-93.745
DTW,Detroit Metropolitan Wayne County Airport,Detroit,42.2124,-83.3534
DUC,Halliburton Field,Duncan,34.4709,-97.9599
DUG,Bisbee Douglas International Airport,Douglas,31.469,-109.604
DUJ,DuBois Regional Airport,Du Bois,41.1783,-78.8987
DUT,Unalaska Airport,Unalaska,53.9001,-166.54401
DVL,Devils Lake Regional Airport,Devils Lake,48.1142,-98.9088
DVT,Phoenix Deer Valley Airport,Phoenix ,33.6883,-112.083
DWH,David Wayne Hooks Memorial Airport,Houston,30.0618,-95.5528
DXR,Danbury Municipal Airport,Danbury,41.3715,-73.4822
DYL,Doylestown Airport,Doylestown,40.333,-75.1223
DYS,Dyess Air Force Base,Abilene,32.4208,-99.8546
EAA,Eagle Airport,Eagle,64.7764,-141.151
EAT,Pangborn Memorial Airport,Wenatchee,47.3989,-120.207
EAU,Chippewa Valley Regional Airport,Eau Claire,44.8658,-91.4843
ECA,Iosco County Airport,East Tawas,44.3128,-83.4223
ECG,Elizabeth City Regional Airport & Coast Guard Air Station,Elizabeth City,36.2606,-76.1746
ECP,Northwest Florida Beaches International Airport,Panama City,30.35711,-85.79541
EDF,Elmendorf Air Force Base,Anchorage,61.251,-149.80701
EDW,Edwards Air Force Base,Edwards Afb,34.9054,-117.884
EED,Needles Airport,Needles,34.7663,-114.623
EEK,Eek Airport,Eek,60.21367,-162.04388
EEN,Dillant Hopkins Airport,Keene,42.8984,-72.2708
EFD,Ellington Airport,Houston,29.6073,-95.1588
EGE,Eagle County Regional Airport,Vail,39.6426,-106.918
EGI,Duke Field,Crestview,30.6504,-86.5229
EGV,Eagle River Union Airport,Eagle River,45.9323,-89.2683
EGX,Egegik Airport,Egegik,58.1855,-157.375
EHM,Cape Newenham LRRS Airport,Cape Newenham,58.6464,-162.063
EIL,Eielson Air Force Base,Fairbanks,64.6657,-147.102
EKA,Murray Field,Eureka,40.8034,-124.113
EKI,Elkhart Municipal Airport,Elkhart,41.7194,-86.0032
EKN,Elkins-Randolph Co-Jennings Randolph Field,Elkins,38.8894,-79.8571
EKO,Elko Regional Airport,Elko,40.8249,-115.792
ELD,South Arkansas Regional At Goodwin Field,El Dorado,33.221,-92.8133
ELI,Elim Airport,Elim,64.6147,-162.272
ELM,Elmira Corning Regional Airport,Elmira,42.1599,-76.8916
ELP,El Paso International Airport,El Paso,31.8072,-106.378
ELV,Elfin Cove Seaplane Base,Elfin Cove,58.1952,-136.347
ELY,Ely Airport Yelland Field,Ely,39.2997,-114.842
EMK,Emmonak Airport,Emmonak,62.7861,-164.491
EMT,San Gabriel Valley Airport,El Monte,34.0861,-118.035
ENA,Kenai Municipal Airport,Kenai,60.5731,-151.245
END,Vance Air Force Base,Enid,36.3392,-97.9165
ENN,Nenana Municipal Airport,Nenana,64.5473,-149.07401
ENV,Wendover Airport,Wendover,40.7187,-114.031
ENW,Kenosha Regional Airport,Kenosha,42.5957,-87.9278
EOK,Keokuk Municipal Airport,Keokuk,40.4599,-91.4285
ERI,Erie International Tom Ridge Field,Erie,42.08313,-80.17387
ERV,Kerrville Municipal Louis Schreiner Field,Kerrville,29.9767,-99.0857
ESC,Delta County Airport,Escanaba,45.7227,-87.0937
ESD,Orcas Island Airport,Eastsound,48.7082,-122.91
ESF,Esler Regional Airport,Alexandria,31.3949,-92.2958
ESN,Easton Newnam Field,Easton,38.8042,-76.069
ETB,West Bend Municipal Airport,WEST BEND,43.4222,-88.1279
ETS,Enterprise Municipal Airport,Enterprise,31.2997,-85.8999
EUF,Weedon Field,Eufala,31.9513,-85.1289
EUG,Mahlon Sweet Field,Eugene,44.1246,-123.212
EVV,Evansville Regional Airport,Evansville,38.037,-87.5324
EVW,Evanston-Uinta County Airport-Burns Field,Evanston,41.2748,-111.035
EWB,New Bedford Regional Airport,New Bedford,41.6761,-70.9569
EWK,Newton City-County Airport,Newton,38.0582,-97.2745
EWN,Coastal Carolina Regional Airport,New Bern,35.073,-77.0429
EWR,Newark Liberty International Airport,Newark,40.6925,-74.1687
EYW,Key West International Airport,Key West,24.5561,-81.7596
FAF,Felker Army Air Field,Fort Eustis,37.1325,-76.6088
FAI,Fairbanks International Airport,Fairbanks,64.8151,-147.856
FAR,Hector International Airport,Fargo,46.9207,-96.8158
FAT,Fresno Yosemite International Airport,Fresno,36.7762,-119.718
FAY,Fayetteville Regional Grannis Field,Fayetteville,34.9912,-78.8803
FBG,Simmons Army Air Field,Fredericksburg,35.1318,-78.9367
FBK,Ladd AAF Airfield,Fort Wainwright,64.8375,-147.614
FBR,Fort Bridger Airport,Fort Bridger,41.3919,-110.407
FCA,Glacier Park International Airport,Kalispell,48.3105,-114.256
FCM,Flying Cloud Airport,Eden Prairie,44.8272,-93.4571
FCS,Butts AAF (Fort Carson) Air Field,Fort Carson,38.6784,-104.757
FDY,Findlay Airport,Findley,41.0135,-83.6687
FET,Fremont Municipal Airport,Fremont,41.4491,-96.5202
FFA,First Flight Airport,Kill Devil Hills,36.0182,-75.6713
FFO,Wright-Patterson Air Force Base,Dayton,39.8261,-84.0483
FFT,Capital City Airport,Frankfort,38.1825,-84.9047
FHU,Sierra Vista Municipal Libby Army Air Field,Fort Huachuca,31.5885,-110.344
FKL,Venango Regional Airport,Franklin,41.3779,-79.8604
FLD,Fond du Lac County Airport,Fond du Lac,43.7712,-88.4884
FLG,Flagstaff Pulliam Airport,Flagstaff,35.1385,-111.671
FLL,Fort Lauderdale Hollywood International Airport,Fort Lauderdale,26.0726,-80.1527
FLO,Florence Regional Airport,Florence,34.1854,-79.7239
FLP,Marion County Regional Airport,Flippin,36.2909,-92.5903
FLV,Sherman Army Air Field,Fort Leavenworth,39.3683,-94.9147
FME,Tipton Airport,Fort Meade,39.0854,-76.7594
FMH,Cape Cod Coast Guard Air Station,Falmouth,41.6584,-70.5214
FMN,Four Corners Regional Airport,Farmington,36.7412,-108.23
FMY,Page Field,Fort Myers,26.5866,-81.8633
FNL,Northern Colorado Regional Airport,Fort Collins,40.4518,-105.011
FNR,Funter Bay Seaplane Base,Funter Bay,58.2544,-134.89799
FNT,Bishop International Airport,Flint,42.9654,-83.7436
FOD,Fort Dodge Regional Airport,Fort Dodge,42.5515,-94.1926
FOE,Topeka Regional Airport - Forbes Field,Topeka,38.9509,-95.6636
FOK,Francis S Gabreski Airport,West Hampton Beach,40.8437,-72.6318
FPR,St Lucie County International Airport,Fort Pierce,27.4951,-80.3683
FRD,Friday Harbor Airport,Friday Harbor,48.522,-123.024
FRG,Republic Airport,Farmingdale,40.7288,-73.4134
FRI,Marshall Army Air Field,Fort Riley,39.0553,-96.7645
FRN,Bryant Army Heliport,Fort Richardson,61.2664,-149.653
FRY,Eastern Slopes Regional Airport,Fryeburg,43.9911,-70.9479
FSD,Joe Foss Field Airport,Sioux Falls,43.582,-96.7419
FSI,Henry Post Army Air Field (Fort Sill),Fort Sill,34.6498,-98.4022
FSM,Fort Smith Regional Airport,Fort Smith,35.3366,-94.3674
FST,Fort Stockton Pecos County Airport,Fort Stockton,30.9157,-102.916
FTK,Godman Army Air Field,Fort Knox,37.9071,-85.9721
FTW,Fort Worth Meacham International Airport,Fort Worth,32.8198,-97.3624
FTY,Fulton County Airport Brown Field,Atlanta,33.7791,-84.5214
FUL,Fullerton Municipal Airport,Fullerton,33.872,-117.98
FWA,Fort Wayne International Airport,Fort Wayne,40.9785,-85.1951
FWH,NAS Fort Worth JRB/Carswell Field,Dallas,32.7692,-97.4415
FXE,Fort Lauderdale Executive Airport,Fort Lauderdale,26.1973,-80.1707
FYU,Fort Yukon Airport,Fort Yukon,66.5715,-145.25
FYV,Drake Field,Fayetteville,36.0051,-94.1701
GAD,Northeast Alabama Regional Airport,Gadsden,33.9726,-86.089
GAI,Montgomery County Airpark,Gaithersburg,39.1683,-77.166
GAL,Edward G. Pitka Sr Airport,Galena,64.7362,-156.937
GAM,Gambell Airport,Gambell,63.7668,-171.733
GBD,Great Bend Municipal Airport,Great Bend,38.3443,-98.8592
GBG,Galesburg Municipal Airport,Galesburg,40.938,-90.4311
GCC,Gillette Campbell County Airport,Gillette,44.3489,-105.539
GCK,Garden City Regional Airport,Garden City,37.9275,-100.724
GCN,Grand Canyon National Park Airport,Grand Canyon,35.9524,-112.147
GDC,Donaldson Field Airport,Greenville,34.7583,-82.3764
GDV,Dawson Community Airport,Glendive,47.1387,-104.807
GDW,Gladwin Zettel Memorial Airport,Gladwin,43.9706,-84.475
GED,Sussex County Airport,Georgetown,38.6892,-75.3589
GEG,Spokane International Airport,Spokane,47.6199,-117.534
GFK,Grand Forks International Airport,Grand Forks,47.9493,-97.1761
GFL,Floyd Bennett Memorial Airport,Queensbury,43.3412,-73.6103
GGE,Georgetown County Airport,Georgetown,33.3117,-79.3196
GGG,East Texas Regional Airport,Longview,32.384,-94.7115
GGW,Wokal Field Glasgow International Airport,Glasgow,48.2125,-106.615
GIF,Winter Haven Regional Airport - Gilbert Field,Winter Haven,28.0629,-81.7533
GJT,Grand Junction Regional Airport,Grand Junction,39.1224,-108.527
GKN,Gulkana Airport,Gulkana,62.1549,-145.457
GLD,Renner Field-Goodland Municipal Airport,Goodland,39.3706,-101.699
GLH,Mid Delta Regional Airport,Greenville,33.4829,-90.9856
GLR,Gaylord Regional Airport,GAYLORD,45.0135,-84.7036
GLS,Scholes International At Galveston Airport,Galveston,29.2653,-94.8604
GLV,Golovin Airport,Golovin,64.5505,-163.007
GLW,Glasgow Municipal Airport,Glasgow,37.0318,-85.9537
GMU,Greenville Downtown Airport,Greenville,34.8479,-82.35
GMV,Monument Valley Airport,Monument Valley,37.0167,-110.201
GNT,Grants-Milan Municipal Airport,Grants,35.1673,-107.902
GNV,Gainesville Regional Airport,Gainesville,29.6901,-82.2718
GON,Groton New London Airport,Groton CT,41.3301,-72.0451
GPT,Gulfport Biloxi International Airport,Gulfport,30.4073,-89.0701
GPZ,Grand Rapids Itasca Co-Gordon Newstrom field,Grand Rapids MN,47.2111,-93.5098
GQQ,Galion Municipal Airport,Galion,40.7534,-82.7238
GRB,Austin Straubel International Airport,Green Bay,44.4851,-88.1296
GRF,Gray Army Air Field,Fort Lewis,47.0792,-122.581
GRI,Central Nebraska Regional Airport,Grand Island,40.9675,-98.3096
GRK,Robert Gray  Army Air Field Airport,Killeen,31.0672,-97.8289
GRM,Grand Marais Cook County Airport,Grand Marais,47.8383,-90.3829
GRR,Gerald R. Ford International Airport,Grand Rapids,42.8808,-85.5228
GSB,Seymour Johnson Air Force Base,Goldsboro,35.3394,-77.9606
GSO,Piedmont Triad International Airport,Greensboro,36.0978,-79.9373
GSP,Greenville Spartanburg International Airport,Greenville,34.8957,-82.2189
GST,Gustavus Airport,Gustavus,58.4253,-135.707
GTF,Great Falls International Airport,Great Falls,47.482,-111.371
GTR,Golden Triangle Regional Airport,Columbus Mississippi,33.4503,-88.5914
GUC,Gunnison Crested Butte Regional Airport,Gunnison,38.5339,-106.933
GUF,Jack Edwards Airport,Gulf Shores,30.2905,-87.6718
GUP,Gallup Municipal Airport,Gallup,35.5111,-108.789
GUS,Grissom Air Reserve Base,Peru,40.6481,-86.1521
GUY,Guymon Municipal Airport,Guymon,36.6851,-101.508
GVL,Lee Gilmer Memorial Airport,Gainesville,34.2726,-83.8302
GVT,Majors Airport,Greenvile,33.0678,-96.0653
GWO,Greenwood–Leflore Airport,Greenwood,33.4943,-90.0847
GXY,Greeley–Weld County Airport,Greeley,40.4374,-104.633
GYR,Phoenix Goodyear Airport,Goodyear,33.4225,-112.376
GYY,Gary Chicago International Airport,Gary,41.6163,-87.4128
HAF,Half Moon Bay Airport,Half Moon Bay,37.5134,-122.501
HAO,Butler Co Regional Airport - Hogan Field,Hamilton,39.3638,-84.522
HAR,Capital City Airport,Harrisburg,40.2171,-76.8515
HBG,Hattiesburg Bobby L Chain Municipal Airport,Hattiesburg,31.2648,-89.2528
HBR,Hobart Regional Airport,Hobart,34.99132,-99.05131
HCR,Holy Cross Airport,Holy Cross,62.1883,-159.77499
HCW,Cheraw Municipal Airport/Lynch Bellinger Field,Cheraw,34.7129,-79.957
HDE,Brewster Field,Holdredge,40.4521,-99.3365
HDH,Dillingham Airfield,Dillingham,21.5795,-158.19701
HDI,Hardwick Field,Cleveland,35.2201,-84.8324
HDN,Yampa Valley Airport,Hayden,40.4812,-107.218
HFD,Hartford Brainard Airport,Hartford,41.7367,-72.6494
HGR,Hagerstown Regional Richard A Henson Field,Hagerstown,39.7079,-77.7295
HHH,Hilton Head Airport,Hilton Head Island,32.2244,-80.6975
HHI,Wheeler Army Airfield,Wahiawa,21.4835,-158.03999
HHR,Jack Northrop Field Hawthorne Municipal Airport,Hawthorne,33.9228,-118.335
HIB,Range Regional Airport,Hibbing,47.3866,-92.839
HIF,Hill Air Force Base,Ogden,41.12403,-111.97309
HII,Lake Havasu City Airport,Lake Havasu City,34.5711,-114.358
HIO,Portland Hillsboro Airport,Hillsboro,45.5404,-122.95
HKY,Hickory Regional Airport,Hickory,35.7411,-81.3895
HLG,Wheeling Ohio County Airport,Wheeling,40.175,-80.6463
HLI,Hollister Municipal Airport,Hollister,36.8933,-121.41
HLN,Helena Regional Airport,Helena,46.6068,-111.983
HLR,Hood Army Air Field,Fort Hood,31.1387,-97.7145
HMN,Holloman Air Force Base,Alamogordo,32.8525,-106.107
HNH,Hoonah Airport,Hoonah,58.0961,-135.41011
HNL,Daniel K Inouye International Airport,Honolulu,21.32062,-157.92423
HNM,Hana Airport,Hana,20.7956,-156.01401
HNS,Haines Airport,Haines,59.2438,-135.524
HOB,Lea County Regional Airport,Hobbs,32.6875,-103.217
HOM,Homer Airport,Homer,59.6456,-151.47701
HON,Huron Regional Airport,Huron,44.3852,-98.2285
HOP,Campbell AAF (Fort Campbell) Air Field,Hopkinsville,36.6686,-87.4962
HOT,Memorial Field,Hot Springs,34.478,-93.0962
HOU,William P Hobby Airport,Houston,29.6454,-95.2789
HPB,Hooper Bay Airport,Hooper Bay,61.5239,-166.147
HPN,Westchester County Airport,White Plains,41.067,-73.7076
HQM,Bowerman Airport,Hoquiam,46.9712,-123.937
HRL,Valley International Airport,Harlingen,26.2285,-97.6544
HRO,Boone County Airport,Harrison,36.2615,-93.1547
HSH,Henderson Executive Airport,Henderson,35.9728,-115.134
HSL,Huslia Airport,Huslia,65.6979,-156.351
HST,Homestead ARB Airport,Homestead,25.4886,-80.3836
HSV,Huntsville International Carl T Jones Field,Huntsville,34.6372,-86.7751
HTL,Roscommon County - Blodgett Memorial Airport,Houghton Lake,44.3598,-84.67109
HTS,Tri-State/Milton J. Ferguson Field,Huntington,38.3667,-82.558
HTV,Huntsville Regional Airport,Huntsville,30.7469,-95.5872
HUA,Redstone Army Air Field,Redstone,34.6787,-86.6848
HUF,"Terre Haute Regional Airport, Hulman Field",Terre Haute,39.4515,-87.3076
HUL,Houlton International Airport,Houlton,46.1231,-67.7921
HUS,Hughes Airport,Hughes,66.0411,-154.263
HUT,Hutchinson Municipal Airport,Hutchinson,38.0655,-97.8606
HVN,Tweed New Haven Airport,New Haven,41.2637,-72.8868
HVR,Havre City County Airport,Havre,48.543,-109.762
HVS,Hartsville Regional Airport,Hartsville,34.4031,-80.1192
HWD,Hayward Executive Airport,Hayward,37.6592,-122.122
HWO,North Perry Airport,Hollywood,26.0012,-80.2407
HYA,Barnstable Municipal Boardman Polando Field,Barnstable,41.6693,-70.2804
HYG,Hydaburg Seaplane Base,Hydaburg,55.2063,-132.828
HYR,Sawyer County Airport,Hayward,46.0252,-91.4443
HYS,Hays Regional Airport,Hays,38.8422,-99.2732
HZL,Hazleton Municipal Airport,Hazleton,40.9868,-75.9949
IAB,Mc Connell Air Force Base,Wichita,37.6219,-97.2682
IAD,Washington Dulles International Airport,Washington,38.9445,-77.4558
IAG,Niagara Falls International Airport,Niagara Falls,43.1073,-78.9462
IAH,George Bush Intercontinental Houston Airport,Houston,29.9844,-95.3414
IAN,Bob Baker Memorial Airport,Kiana,66.976,-160.437
ICT,Wichita Eisenhower National Airport,Wichita,37.6499,-97.4331
IDA,Idaho Falls Regional Airport,Idaho Falls,43.5146,-112.071
IDP,Independence Municipal Airport,Independence,37.1584,-95.7784
IGG,Igiugig Airport,Igiugig,59.324,-155.90199
IKB,Wilkes County Airport,North Wilkesboro,36.2228,-81.0983
IKK,Greater Kankakee Airport,Kankakee,41.0714,-87.8463
IKO,Nikolski Air Station,Nikolski,52.9416,-168.849
ILG,New Castle Airport,Wilmington,39.6787,-75.6065
ILI,Iliamna Airport,Iliamna,59.7544,-154.911
ILM,Wilmington International Airport,Wilmington,34.2706,-77.9026
ILN,Wilmington Airpark,Wilmington,39.4279,-83.7921
IMM,Immokalee Regional Airport,Immokalee ,26.4332,-81.401
IMT,Ford Airport,Iron Mountain,45.8184,-88.1145
IND,Indianapolis International Airport,Indianapolis,39.7173,-86.2944
INK,Winkler County Airport,Wink,31.7796,-103.201
INL,Falls International Airport,International Falls,48.5662,-93.4031
INS,Creech Air Force Base,Indian Springs,36.5872,-115.673
INT,Smith Reynolds Airport,Winston-salem,36.1337,-80.222
INW,Winslow Lindbergh Regional Airport,Winslow,35.0219,-110.723
IOW,Iowa City Municipal Airport,Iowa City,41.6392,-91.5465
IPL,Imperial County Airport,Imperial,32.8342,-115.579
IPT,Williamsport Regional Airport,Williamsport,41.2418,-76.9211
IRB,Iraan Municipal Airport,Iraan,30.9057,-101.892
IRC,Circle City /New/ Airport,Circle,65.8305,-144.07601
IRK,Kirksville Regional Airport,Kirksville,40.0935,-92.5449
ISM,Kissimmee Gateway Airport,Kissimmee,28.2898,-81.4371
ISN,Sloulin Field International Airport,Williston,48.1779,-103.642
ISO,Kinston Regional Jetport At Stallings Field,Kinston,35.3314,-77.6088
ISP,Long Island Mac Arthur Airport,Islip,40.7952,-73.1002
ISW,Alexander Field South Wood County Airport,Wisconsin Rapids,44.3603,-89.839
ITH,Ithaca Tompkins Regional Airport,Ithaca,42.491,-76.4584
ITO,Hilo International Airport,Hilo,19.7214,-155.048
IWS,West Houston Airport,Houston,29.8182,-95.6726
IYK,Inyokern Airport,Inyokern,35.6588,-117.83
JAC,Jackson Hole Airport,Jacksn Hole,43.6073,-110.738
JAN,Jackson-Medgar Wiley Evers International Airport,Jackson,32.3112,-90.0759
JAS,Jasper County Airport-Bell Field,Jasper,30.8857,-94.0349
JAX,Jacksonville International Airport,Jacksonville,30.4941,-81.6879
JBR,Jonesboro Municipal Airport,Jonesboro,35.8317,-90.6464
JCI,New Century Aircenter Airport,Olathe,38.8309,-94.8903
JCT,Kimble County Airport,Junction,30.5113,-99.7635
JEF,Jefferson City Memorial Airport,Jefferson City,38.5912,-92.1561
JFK,John F Kennedy International Airport,New York,40.6398,-73.7789
JHM,Kapalua Airport,Lahania-kapalua,20.9629,-156.673
JHW,Chautauqua County-Jamestown Airport,Jamestown,42.1534,-79.258
JLN,Joplin Regional Airport,Joplin,37.1518,-94.4983
JMS,Jamestown Regional Airport,Jamestown,46.9297,-98.6782
JNU,Juneau International Airport,Juneau,58.355,-134.576
JOT,Joliet Regional Airport,Joliet,41.5178,-88.1755
JRA,West 30th St. Heliport,New York,40.7545,-74.0071
JRB,Downtown-Manhattan/Wall St Heliport,New York,40.7012,-74.009
JRF,Kalaeloa Airport,Kapolei,21.3074,-158.07001
JST,John Murtha Johnstown Cambria County Airport,Johnstown,40.3161,-78.8339
JVL,Southern Wisconsin Regional Airport,Janesville,42.6203,-89.0416
JXN,Jackson County Reynolds Field,Jackson,42.2598,-84.4594
KAL,Kaltag Airport,Kaltag,64.3191,-158.741
KFP,False Pass Airport,False Pass,54.8474,-163.41
KGK,Koliganek Airport,Koliganek,59.7266,-157.259
KKA,Koyuk Alfred Adams Airport,Koyuk,64.9395,-161.15401
KKH,Kongiganak Airport,Kongiganak,59.9608,-162.881
KLG,Kalskag Airport,Kalskag,61.5363,-160.341
KLN,Larsen Bay Airport,Larsen Bay,57.5351,-153.978
KLS,Southwest Washington Regional Airport,Kelso,46.118,-122.898
KLW,Klawock Airport,Klawock,55.5792,-133.076
KMO,Manokotak Airport,Manokotak,58.9902,-159.05
KNW,New Stuyahok Airport,New Stuyahok,59.4499,-157.328
KOA,Ellison Onizuka Kona International At Keahole Airport,Kona,19.73878,-156.0456
KOT,Kotlik Airport,Kotlik,63.0306,-163.533
KPC,Port Clarence Coast Guard Station,Port Clarence,65.2537,-166.85899
KPN,Kipnuk Airport,Kipnuk,59.933,-164.03101
KPV,Perryville Airport,Perryville,55.906,-159.16299
KQA,Akutan Seaplane Base,Akutan,54.13377,-165.7789
KSM,St Mary's Airport,St Mary's,62.0605,-163.302
KTN,Ketchikan International Airport,Ketchikan,55.3556,-131.714
KTS,Brevig Mission Airport,Brevig Mission,65.3313,-166.466
KUK,Kasigluk Airport,Kasigluk,60.8744,-162.524
KVC,King Cove Airport,King Cove,55.1163,-162.26601
KVL,Kivalina Airport,Kivalina,67.7362,-164.563
KWK,Kwigillingok Airport,Kwigillingok,59.8765,-163.169
KWN,Quinhagak Airport,Quinhagak,59.7551,-161.845
KWT,Kwethluk Airport,Kwethluk,60.7903,-161.444
KYK,Karluk Airport,Karluk,57.5671,-154.45
KYU,Koyukuk Airport,Koyukuk,64.8761,-157.72701
LAA,Lamar Municipal Airport,Lamar,38.0697,-102.688
LAF,Purdue University Airport,Lafayette,40.4123,-86.9369
LAL,Lakeland Linder International Airport,Lakeland,27.9889,-82.0186
LAM,Los Alamos Airport,Los Alamos,35.8798,-106.269
LAN,Capital City Airport,Lansing,42.7787,-84.5874
LAR,Laramie Regional Airport,Laramie,41.3121,-105.675
LAS,McCarran International Airport,Las Vegas,36.0801,-115.152
LAW,Lawton Fort Sill Regional Airport,Lawton,34.5677,-98.4166
LAX,Los Angeles International Airport,Los Angeles,33.9425,-118.408
LBB,Lubbock Preston Smith International Airport,Lubbock,33.6636,-101.823
LBE,Arnold Palmer Regional Airport,Latrobe,40.2759,-79.4048
LBF,North Platte Regional Airport Lee Bird Field,North Platte,41.1262,-100.684
LBL,Liberal Mid-America Regional Airport,Liberal,37.0442,-100.96
LBT,Lumberton Regional Airport,Lumberton,34.6099,-79.0594
LCH,Lake Charles Regional Airport,Lake Charles,30.1261,-93.2233
LCK,Rickenbacker International Airport,Columbus,39.8138,-82.9278
LCQ,Lake City Gateway Airport,Lake City,30.182,-82.5769
LDJ,Linden Airport,Linden,40.6174,-74.2446
LDM,Mason County Airport,Ludington,43.9625,-86.4079
LEB,Lebanon Municipal Airport,Lebanon,43.6261,-72.3042
LEE,Leesburg International Airport,Leesburg,28.8231,-81.8087
LEW,Auburn Lewiston Municipal Airport,Lewiston,44.0485,-70.2835
LEX,Blue Grass Airport,Lexington KY,38.0365,-84.6059
LFI,Langley Air Force Base,Hampton,37.0829,-76.3605
LFK,Angelina County Airport,Lufkin,31.234,-94.75
LFT,Lafayette Regional Airport,Lafayette,30.2053,-91.9876
LGA,La Guardia Airport,New York,40.7772,-73.8726
LGB,Long Beach /Daugherty Field/ Airport,Long Beach,33.8177,-118.152
LGC,LaGrange Callaway Airport,LaGrange,33.0089,-85.0726
LGD,La Grande/Union County Airport,La Grande,45.2902,-118.007
LGU,Logan-Cache Airport,Logan,41.7912,-111.852
LHV,William T. Piper Memorial Airport,Lock Haven,41.1356,-77.4223
LIH,Lihue Airport,Lihue,21.976,-159.339
LIT,Bill & Hillary Clinton National Airport/Adams Field,Little Rock,34.7294,-92.2243
LIY,Wright AAF (Fort Stewart)/Midcoast Regional Airport,Wright,31.8891,-81.5623
LJN,Texas Gulf Coast Regional Airport,Angleton,29.1086,-95.4621
LKP,Lake Placid Airport,Lake Placid,44.2645,-73.9619
LKV,Lake County Airport,Lakeview,42.1611,-120.399
LLY,South Jersey Regional Airport,Mount Holly,39.9429,-74.8457
LMA,Minchumina Airport,Lake Minchumina,63.886,-152.302
LMT,Crater Lake-Klamath Regional Airport,Klamath Falls,42.1561,-121.733
LNA,Palm Beach County Park Airport,West Palm Beach,26.593,-80.0851
LNK,Lincoln Airport,Lincoln,40.851,-96.7592
LNN,Willoughby Lost Nation Municipal Airport,Willoughby,41.684,-81.3897
LNR,Tri-County Regional Airport,Lone Rock,43.2117,-90.1816
LNS,Lancaster Airport,Lancaster,40.1217,-76.2961
LNY,Lanai Airport,Lanai,20.7856,-156.951
LOL,Derby Field,Lovelock,40.0664,-118.565
LOT,Lewis University Airport,Lockport,41.6073,-88.0962
LOU,Bowman Field,Louisville,38.228,-85.6637
LOZ,London-Corbin Airport/Magee Field,London,37.0822,-84.0849
LPC,Lompoc Airport,Lompoc,34.6656,-120.468
LPS,Lopez Island Airport,Lopez,48.4839,-122.938
LRD,Laredo International Airport,Laredo,27.5438,-99.4616
LRF,Little Rock Air Force Base,Jacksonville,34.9169,-92.1497
LRU,Las Cruces International Airport,Las Cruces,32.2894,-106.922
LSE,La Crosse Municipal Airport,La Crosse,43.879,-91.2567
LSF,Lawson Army Air Field (Fort Benning),Fort Benning,32.3373,-84.9913
LSV,Nellis Air Force Base,Las Vegas,36.2362,-115.034
LTS,Altus Air Force Base,Altus,34.6671,-99.2667
LUF,Luke Air Force Base,Phoenix,33.535,-112.383
LUK,Cincinnati Municipal Airport Lunken Field,Cincinnati,39.1033,-84.4186
LUP,Kalaupapa Airport,Molokai,21.211,-156.974
LUR,Cape Lisburne LRRS Airport,Cape Lisburne,68.8751,-166.11
LVK,Livermore Municipal Airport,Livermore,37.6934,-121.82
LVM,Mission Field,Livingston-Montana,45.6994,-110.448
LVS,Las Vegas Municipal Airport,Las Vegas,35.6542,-105.142
LWB,Greenbrier Valley Airport,Lewisburg,37.8583,-80.3995
LWC,Lawrence Municipal Airport,Lawrence,39.0112,-95.2166
LWM,Lawrence Municipal Airport,Lawrence,42.7172,-71.1234
LWS,Lewiston Nez Perce County Airport,Lewiston,46.3745,-117.015
LWT,Lewistown Municipal Airport,Lewistown,47.0493,-109.467
LXN,Jim Kelly Field,Lexington,40.791,-99.7773
LYH,Lynchburg Regional Preston Glenn Field,Lynchburg,37.3267,-79.2004
LYU,Ely Municipal Airport,Ely,47.8245,-91.8307
LZU,Gwinnett County Briscoe Field,Lawrenceville,33.9781,-83.9624
MAE,Madera Municipal Airport,Madera,36.9886,-120.112
MAF,Midland International Airport,Midland,31.9425,-102.202
MBG,Mobridge Municipal Airport,Mobridge,45.5465,-100.408
MBL,Manistee Co Blacker Airport,Manistee,44.2724,-86.2469
MBS,MBS International Airport,Saginaw,43.5329,-84.0796
MCB,Mc Comb/Pike County Airport/John E Lewis Field,Mc Comb,31.1785,-90.4719
MCC,Mc Clellan Airfield,Sacramento,38.6676,-121.401
MCE,Merced Regional Macready Field,Merced,37.2847,-120.514
MCF,Mac Dill Air Force Base,Tampa,27.8493,-82.5212
MCG,McGrath Airport,Mcgrath,62.9529,-155.606
MCI,Kansas City International Airport,Kansas City,39.2976,-94.7139
MCK,Mc Cook Ben Nelson Regional Airport,McCook,40.2063,-100.592
MCL,McKinley National Park Airport,McKinley Park,63.7326,-148.911
MCN,Middle Georgia Regional Airport,Macon,32.6928,-83.6492
MCO,Orlando International Airport,Orlando,28.4294,-81.309
MCW,Mason City Municipal Airport,Mason City,43.1578,-93.3313
MDH,Southern Illinois Airport,Carbondale/Murphysboro,37.7781,-89.252
MDT,Harrisburg International Airport,Harrisburg,40.1935,-76.7634
MDW,Chicago Midway International Airport,Chicago,41.786,-87.7524
MEI,Key Field,Meridian,32.3326,-88.7519
MEM,Memphis International Airport,Memphis,35.0424,-89.9767
MEO,Dare County Regional Airport,Manteo,35.919,-75.6955
MER,Castle Airport,Merced,37.3805,-120.568
MFD,Mansfield Lahm Regional Airport,Mansfield,40.8214,-82.5166
MFE,Mc Allen Miller International Airport,Mcallen,26.1758,-98.2386
MFI,Marshfield Municipal Airport,Marshfield,44.6369,-90.1893
MFR,Rogue Valley International Medford Airport,Medford,42.3742,-122.873
MGC,Michigan City Municipal Airport,Michigan City,41.7033,-86.8212
MGE,Dobbins Air Reserve Base,Marietta,33.9154,-84.5163
MGJ,Orange County Airport,Montgomery,41.51,-74.2646
MGM,Montgomery Regional (Dannelly Field) Airport,MONTGOMERY,32.3006,-86.394
MGW,Morgantown Municipal Walter L. Bill Hart Field,Morgantown,39.6429,-79.9163
MGY,Dayton-Wright Brothers Airport,Dayton,39.589,-84.2249
MHE,Mitchell Municipal Airport,Mitchell,43.7748,-98.0386
MHK,Manhattan Regional Airport,Manhattan,39.141,-96.6708
MHR,Sacramento Mather Airport,Sacramento,38.5539,-121.298
MHT,Manchester-Boston Regional Airport,Manchester NH,42.9326,-71.4357
MHV,Mojave Airport,Mojave,35.0594,-118.152
MIA,Miami International Airport,Miami,25.7932,-80.2906
MIB,Minot Air Force Base,Minot,48.4156,-101.358
MIE,Delaware County Johnson Field,Muncie,40.2423,-85.3959
MIV,Millville Municipal Airport,Millville,39.3678,-75.0722
MKC,Charles B. Wheeler Downtown Airport,Kansas City,39.1232,-94.5928
MKE,General Mitchell International Airport,Milwaukee,42.9472,-87.8966
MKG,Muskegon County Airport,Muskegon,43.1695,-86.2382
MKK,Molokai Airport,Molokai,21.1529,-157.09599
MKL,McKellar-Sipes Regional Airport,Jackson,35.5999,-88.9156
MLB,Melbourne International Airport,Melbourne,28.1028,-80.6453
MLC,Mc Alester Regional Airport,Mcalester,34.8824,-95.7835
MLI,Quad City International Airport,Moline,41.4485,-90.5075
MLL,Marshall Don Hunter Sr Airport,Marshall,61.8643,-162.026
MLS,Frank Wiley Field,Miles City,46.428,-105.886
MLU,Monroe Regional Airport,Monroe,32.5109,-92.0377
MLY,Manley Hot Springs Airport,Manley Hot Springs,64.9976,-150.644
MMH,Mammoth Yosemite Airport,Mammoth Lakes,37.6241,-118.838
MMI,McMinn County Airport,Athens,35.3973,-84.5626
MMT,Mc Entire Joint National Guard Base,Eastover,33.9208,-80.8013
MMU,Morristown Municipal Airport,Morristown,40.7994,-74.4149
MNM,Menominee Regional Airport,Macon,45.1267,-87.6384
MNZ,Manassas Regional Airport/Harry P. Davis Field,Manassas,38.7214,-77.5154
MOB,Mobile Regional Airport,Mobile,30.6912,-88.2428
MOD,Modesto City Co-Harry Sham Field,Modesto,37.6258,-120.954
MOT,Minot International Airport,Minot,48.2594,-101.28
MOU,Mountain Village Airport,Mountain Village,62.0954,-163.68201
MPO,Pocono Mountains Municipal Airport,Mount Pocono,41.1375,-75.3789
MPV,Edward F Knapp State Airport,Montpelier,44.2035,-72.5623
MQT,Sawyer International Airport,Gwinn,46.3536,-87.3954
MQY,Smyrna Airport,Smyrna,36.009,-86.5201
MRB,Eastern WV Regional Airport/Shepherd Field,Martinsburg,39.4019,-77.9846
MRF,Marfa Municipal Airport,Marfa,30.3711,-104.018
MRI,Merrill Field,Anchorage,61.2135,-149.84399
MRK,Marco Island Executive Airport,Marco Island Airport,25.995,-81.6725
MRN,Foothills Regional Airport,Morganton,35.8202,-81.6114
MRY,Monterey Peninsula Airport,Monterey,36.587,-121.843
MSC,Falcon Field,Mesa,33.4608,-111.728
MSL,Northwest Alabama Regional Airport,Muscle Shoals,34.7453,-87.6102
MSN,Dane County Regional Truax Field,Madison,43.1399,-89.3375
MSO,Missoula International Airport,Missoula,46.9163,-114.091
MSP,Minneapolis-St Paul International/Wold-Chamberlain Airport,Minneapolis,44.882,-93.2218
MSS,Massena International Richards Field,Massena,44.9358,-74.8456
MSY,Louis Armstrong New Orleans International Airport,New Orleans,29.9934,-90.258
MTC,Selfridge Air National Guard Base Airport,Mount Clemens,42.61346,-82.83692
MTH,The Florida Keys Marathon Airport,Marathon,24.7261,-81.0514
MTJ,Montrose Regional Airport,Montrose CO,38.5098,-107.894
MTM,Metlakatla Seaplane Base,Metakatla,55.131,-131.578
MTN,Martin State Airport,Baltimore,39.3257,-76.4138
MTP,Montauk Airport,Montauk,41.0765,-71.9208
MUE,Waimea Kohala Airport,Kamuela,20.0013,-155.668
MUI,Muir Army Air Field (Fort Indiantown Gap) Airport,Muir,40.4348,-76.5694
MUO,Mountain Home Air Force Base,Mountain Home,43.0436,-115.872
MVL,Morrisville Stowe State Airport,Morrisville,44.5346,-72.614
MVW,Skagit Regional Airport,Skagit,48.4709,-122.421
MVY,Martha's Vineyard Airport,Vineyard Haven MA,41.3931,-70.6143
MWA,Williamson County Regional Airport,Marion,37.755,-89.0111
MWC,Lawrence J Timmerman Airport,Milwaukee,43.1104,-88.0344
MWH,Grant County International Airport,Grant County Airport,47.2077,-119.32
MWL,Mineral Wells Airport,Mineral Wells,32.7816,-98.0602
MXF,Maxwell Air Force Base,Montgomery,32.3829,-86.3658
MYL,McCall Municipal Airport,McCall,44.8897,-116.101
MYR,Myrtle Beach International Airport,Myrtle Beach,33.6797,-78.9283
MYU,Mekoryuk Airport,Mekoryuk,60.3714,-166.271
MYV,Yuba County Airport,Yuba City,39.0978,-121.57
MZJ,Pinal Airpark,Marana,32.5106,-111.328
NBG,New Orleans NAS JRB/Alvin Callender Field,New Orleans,29.8253,-90.035
NCN,Chenega Bay Airport,Chenega,60.0773,-147.992
NCO,Quonset State Airport,North Kingstown,41.5971,-71.4121
NEL,Lakehurst Maxfield Field Airport,Lakehurst,40.0333,-74.3533
NEW,Lakefront Airport,New Orleans,30.0424,-90.0283
NFL,Fallon Naval Air Station,Fallon,39.4166,-118.701
NGF,Kaneohe Bay MCAS (Marion E. Carl Field) Airport,Kaneohe Bay,21.4505,-157.76801
NGU,Norfolk Naval Station (Chambers Field),Norfolk,36.9376,-76.2893
NGZ,Alameda Naval Air Station,Alameda,37.7889,-122.32
NHK,Patuxent River Naval Air Station (Trapnell Field),Patuxent River,38.286,-76.4118
NHZ,Brunswick Executive Airport,Brunswick,43.8922,-69.9386
NIB,Nikolai Airport,Nikolai,63.0186,-154.358
NIP,Jacksonville Naval Air Station (Towers Field),Jacksonville,30.2358,-81.6806
NJK,El Centro NAF Airport (Vraciu Field),El Centro,32.8292,-115.672
NKX,Miramar Marine Corps Air Station - Mitscher Field,Miramar,32.8684,-117.143
NLC,Lemoore Naval Air Station (Reeves Field) Airport,Lemoore,36.333,-119.952
NLG,Nelson Lagoon Airport,Nelson Lagoon,56.0075,-161.16
NME,Nightmute Airport,Nightmute,60.471,-164.701
NNL,Nondalton Airport,Nondalton,59.9802,-154.839
NOT,Marin County Airport - Gnoss Field,Novato,38.1436,-122.556
NPA,Pensacola Naval Air Station/Forrest Sherman Field,Pensacola,30.3527,-87.3186
NQA,Millington-Memphis Airport,Millington,35.3567,-89.8703
NQI,Kingsville Naval Air Station,Kingsville,27.5072,-97.8097
NQX,Naval Air Station Key West/Boca Chica Field,Key West,24.5758,-81.6889
NRB,Naval Station Mayport (Admiral David L. Mcdonald Field),Mayport,30.3911,-81.4247
NSE,Whiting Field Naval Air Station - North,Milton,30.7242,-87.0219
NTD,Point Mugu Naval Air Station (Naval Base Ventura Co),Point Mugu,34.1203,-119.121
NTU,Oceana Naval Air Station,Oceana,36.8207,-76.0335
NUI,Nuiqsut Airport,Nuiqsut,70.21,-151.006
NUL,Nulato Airport,Nulato,64.7293,-158.074
NUQ,Moffett Federal Airfield,Mountain View,37.4161,-122.049
NUW,Whidbey Island Naval Air Station (Ault Field),Whidbey Island,48.3518,-122.656
NXX,Willow Grove Naval Air Station/Joint Reserve Base,Willow Grove,40.1998,-75.1482
NZJ,El Toro Marine Corps Air Station,Santa Ana,33.6761,-117.731
NZY,North Island Naval Air Station-Halsey Field,San Diego,32.6992,-117.215
OAJ,Albert J Ellis Airport,Jacksonville NC,34.8292,-77.6121
OAK,Metropolitan Oakland International Airport,Oakland,37.7213,-122.221
OAR,Marina Municipal Airport,Fort Ord,36.6819,-121.762
OBE,Okeechobee County Airport,Okeechobee,27.2628,-80.8498
OBU,Kobuk Airport,Kobuk,66.9123,-156.897
OCA,Ocean Reef Club Airport,Ocean Reef Club Airport,25.3254,-80.2748
OCF,Ocala International Airport - Jim Taylor Field,Ocala,29.1726,-82.2242
OCW,Warren Field,Washington,35.5705,-77.0498
OEL,Oryol Yuzhny Airport,Oakley,52.9347,36.0022
OFF,Offutt Air Force Base,Omaha,41.1183,-95.9125
OFK,Karl Stefan Memorial Airport,Norfolk  Nebraska,41.9855,-97.4351
OGB,Orangeburg Municipal Airport,Orangeburg,33.4568,-80.8595
OGD,Ogden Hinckley Airport,Ogden,41.1959,-112.012
OGG,Kahului Airport,Kahului,20.8986,-156.42999
OGS,Ogdensburg International Airport,Ogdensburg,44.6819,-75.4655
OJC,Johnson County Executive Airport,Olathe,38.8476,-94.7376
OKC,Will Rogers World Airport,Oklahoma City,35.3931,-97.6007
OKK,Kokomo Municipal Airport,Kokomo,40.5282,-86.059
OKM,Okmulgee Regional Airport,Okmulgee,35.6681,-95.9487
OLF,L M Clayton Airport,Wolf Point,48.0945,-105.575
OLM,Olympia Regional Airport,Olympia,46.9694,-122.903
OLS,Nogales International Airport,Nogales,31.4177,-110.848
OLV,Olive Branch Airport,Olive Branch,34.9787,-89.7869
OMA,Eppley Airfield,Omaha,41.3032,-95.8941
OME,Nome Airport,Nome,64.5122,-165.44501
ONO,Ontario Municipal Airport,Ontario,44.0205,-117.014
ONP,Newport Municipal Airport,Newport,44.5804,-124.058
ONT,Ontario International Airport,Ontario,34.056,-117.601
OOK,Toksook Bay Airport,Toksook Bay,60.5414,-165.08701
OPF,Opa-locka Executive Airport,Miami,25.907,-80.2784
ORD,Chicago O'Hare International Airport,Chicago,41.9786,-87.9048
ORF,Norfolk International Airport,Norfolk,36.8946,-76.2012
ORH,Worcester Regional Airport,Worcester,42.2673,-71.8757
ORL,Orlando Executive Airport,Orlando,28.5455,-81.3329
ORT,Northway Airport,Northway,62.9613,-141.929
ORV,Robert (Bob) Curtis Memorial Airport,Noorvik,66.8179,-161.019
OSC,Oscoda Wurtsmith Airport,Oscoda,44.4516,-83.3941
OSH,Wittman Regional Airport,Oshkosh,43.9844,-88.557
OSU,The Ohio State University Airport - Don Scott Field,Columbus,40.0798,-83.073
OTH,Southwest Oregon Regional Airport,North Bend,43.4171,-124.246
OTK,Tillamook Airport,Tillamook,45.4182,-123.814
OTM,Ottumwa Regional Airport,Ottumwa,41.1066,-92.4479
OTZ,Ralph Wien Memorial Airport,Kotzebue,66.8847,-162.599
OWB,Owensboro Daviess County Airport,Owensboro,37.7401,-87.1668
OWD,Norwood Memorial Airport,Norwood,42.1905,-71.1729
OXC,Waterbury Oxford Airport,Oxford,41.4786,-73.1352
OXR,Oxnard Airport,Oxnard,34.2008,-119.207
OZA,Ozona Municipal Airport,Ozona,30.7353,-101.203
OZR,Cairns AAF (Fort Rucker) Air Field,Fort Rucker/Ozark,31.2757,-85.7134
PAE,Snohomish County (Paine Field) Airport,Everett,47.9063,-122.282
PAH,Barkley Regional Airport,PADUCAH,37.0608,-88.7738
PAM,Tyndall Air Force Base,Panama City,30.0696,-85.5754
PAO,Palo Alto Airport of Santa Clara County,Palo Alto,37.4611,-122.115
PAQ,"Warren ""Bud"" Woods Palmer Municipal Airport",Palmer,61.5949,-149.08901
PBF,"Pine Bluff Regional Airport, Grider Field",Pine Bluff,34.1731,-91.9356
PBG,Plattsburgh International Airport,Plattsburgh,44.6509,-73.4681
PBI,Palm Beach International Airport,West Palm Beach,26.6832,-80.0956
PCD,Prairie Du Chien Municipal Airport,Prairie du Chien,43.0193,-91.1237
PDK,DeKalb Peachtree Airport,Atlanta,33.8756,-84.302
PDT,Eastern Oregon Regional At Pendleton Airport,Pendleton,45.6951,-118.841
PDX,Portland International Airport,Portland,45.5887,-122.598
PEQ,Pecos Municipal Airport,Pecos,31.3824,-103.511
PFN,Panama City-Bay Co International Airport,Panama City,30.2121,-85.6828
PGA,Page Municipal Airport,Page,36.9261,-111.448
PGD,Charlotte County Airport,Punta Gorda,26.9202,-81.9905
PGV,Pitt Greenville Airport,Greenville,35.6352,-77.3853
PHD,Harry Clever Field,New Philadelpha,40.4709,-81.4197
PHF,Newport News Williamsburg International Airport,Newport News,37.1319,-76.493
PHK,Palm Beach County Glades Airport,Pahokee,26.785,-80.6934
PHL,Philadelphia International Airport,Philadelphia,39.8719,-75.2411
PHN,St Clair County International Airport,Port Huron,42.911,-82.5289
PHX,Phoenix Sky Harbor International Airport,Phoenix,33.4343,-112.012
PIA,General Wayne A. Downing Peoria International Airport,Peoria,40.6642,-89.6933
PIB,Hattiesburg Laurel Regional Airport,Hattiesburg/Laurel,31.4671,-89.3371
PIE,St Petersburg Clearwater International Airport,St. Petersburg,27.9102,-82.6874
PIH,Pocatello Regional Airport,Pocatello,42.9098,-112.596
PIM,Harris County Airport,Pine Mountain,32.8407,-84.8824
PIP,Pilot Point Airport,Pilot Point,57.5804,-157.57201
PIR,Pierre Regional Airport,Pierre,44.3827,-100.286
PIT,Pittsburgh International Airport,Pittsburgh,40.4915,-80.2329
PIZ,Point Lay LRRS Airport,Point Lay,69.7329,-163.005
PKA,Napaskiak Airport,Napaskiak,60.7029,-161.778
PKB,Mid Ohio Valley Regional Airport,PARKERSBURG,39.3451,-81.4392
PLN,Pellston Regional Airport of Emmet County Airport,Pellston,45.5709,-84.7967
PMB,Pembina Municipal Airport,Pembina,48.9425,-97.2408
PMD,Palmdale Regional/USAF Plant 42 Airport,Palmdale,34.6294,-118.085
PMH,Greater Portsmouth Regional Airport,Portsmouth,38.8405,-82.8473
PML,Port Moller Airport,Cold Bay,56.006,-160.561
PNC,Ponca City Regional Airport,Ponca City,36.732,-97.0998
PNE,Northeast Philadelphia Airport,Philadelphia,40.0819,-75.0106
PNS,Pensacola Regional Airport,Pensacola,30.4734,-87.1866
POB,Pope Field,Fort Bragg,35.1709,-79.0145
POC,Brackett Field,La Verne,34.0916,-117.782
POE,Polk Army Air Field,Fort Polk,31.0448,-93.1917
POF,Poplar Bluff Municipal Airport,Poplar Bluff,36.7739,-90.3249
POU,Dutchess County Airport,Poughkeepsie,41.6266,-73.8842
PPA,Perry Lefors Field,Pampa,35.613,-100.996
PPC,Prospect Creek Airport,Prospect Creek,66.8141,-150.644
PPF,Tri-City Airport,Parsons,37.3299,-95.5062
PPM,Pompano Beach Airpark,Pompano Beach,26.2471,-80.1111
PQI,Northern Maine Regional Airport at Presque Isle,Presque Isle,46.689,-68.0448
PRB,Paso Robles Municipal Airport,Paso Robles,35.6729,-120.627
PRC,Ernest A. Love Field,Prescott,34.6545,-112.42
PRX,Cox Field,Paris,33.6366,-95.4508
PRZ,Prineville Airport,Prineville,44.287,-120.904
PSC,Tri Cities Airport,Pasco,46.2647,-119.119
PSG,Petersburg James A Johnson Airport,Petersburg,56.8017,-132.94501
PSM,Portsmouth International at Pease Airport,Portsmouth,43.0779,-70.8233
PSP,Palm Springs International Airport,Palm Springs,33.8297,-116.507
PSX,Palacios Municipal Airport,Palacios,28.7275,-96.251
PTA,Port Alsworth Airport,Port alsworth,60.20168,-154.32586
PTB,Dinwiddie County Airport,Petersburg,37.1838,-77.5074
PTH,Port Heiden Airport,Port Heiden,56.9591,-158.633
PTK,Oakland County International Airport,Pontiac,42.6655,-83.4201
PTT,Pratt Regional Airport,Pratt,37.7016,-98.7469
PTU,Platinum Airport,Port Moller,59.0114,-161.82001
PUB,Pueblo Memorial Airport,Pueblo,38.2891,-104.497
PUC,Carbon County Regional/Buck Davis Field,Price,39.6139,-110.751
PUW,Pullman Moscow Regional Airport,Pullman,46.7439,-117.11
PVC,Provincetown Municipal Airport,Provincetown,42.0719,-70.2214
PVD,Theodore Francis Green State Airport,Providence,41.7326,-71.4204
PVL,Pike County-Hatcher Field,Pikeville,37.5618,-82.5664
PVU,Provo Municipal Airport,Provo,40.2192,-111.723
PWA,Wiley Post Airport,Oklahoma City,35.5342,-97.6471
PWK,Chicago Executive Airport,Chicago-Wheeling,42.11422,-87.90149
PWM,Portland International Jetport Airport,Portland,43.6462,-70.3093
PWT,Bremerton National Airport,Bremerton,47.4902,-122.765
PWY,Ralph Wenz Field,Pinedale,42.7955,-109.807
PYM,Plymouth Municipal Airport,Plymouth,41.909,-70.7288
RAC,John H Batten Airport,Racine,42.7606,-87.8152
RAL,Riverside Municipal Airport,Riverside,33.9519,-117.445
RAP,Rapid City Regional Airport,Rapid City,44.0453,-103.057
RBD,Dallas Executive Airport,Dallas,32.6809,-96.8682
RBK,French Valley Airport,Murrieta-Temecula,33.5742,-117.128
RBL,Red Bluff Municipal Airport,Red Bluff,40.1507,-122.252
RBY,Ruby Airport,Ruby,64.7272,-155.47
RCA,Ellsworth Air Force Base,Rapid City,44.145,-103.104
RDB,Red Dog Airport,Red Dog,68.0321,-162.899
RDD,Redding Municipal Airport,Redding,40.509,-122.293
RDG,Reading Regional Carl A Spaatz Field,Reading,40.3785,-75.9652
RDM,Roberts Field,Redmond-Bend,44.2541,-121.15
RDR,Grand Forks Air Force Base,Red River,47.9611,-97.4012
RDU,Raleigh Durham International Airport,Raleigh-durham,35.8776,-78.7875
RFD,Chicago Rockford International Airport,Rockford,42.1954,-89.0972
RHI,Rhinelander Oneida County Airport,Rhinelander,45.6312,-89.4675
RHV,Reid-Hillview Airport of Santa Clara County,San Jose,37.3329,-121.819
RIC,Richmond International Airport,Richmond,37.5052,-77.3197
RIL,Garfield County Regional Airport,Rifle,39.5263,-107.727
RIV,March ARB Airport,Riverside,33.8807,-117.259
RIW,Riverton Regional Airport,Riverton WY,43.0642,-108.46
RKD,Knox County Regional Airport,Rockland,44.0601,-69.0992
RKH,Rock Hill - York County Airport,Rock Hill,34.9878,-81.0572
RKP,Aransas County Airport,Rockport,28.0868,-97.0446
RKS,Southwest Wyoming Regional Airport,Rock Springs,41.5942,-109.065
RME,Griffiss International Airport,Rome,43.2338,-75.407
RMG,Richard B Russell Airport,Rome,34.3506,-85.158
RMY,Mariposa Yosemite Airport,Mariposa,37.5109,-120.04
RND,Randolph Air Force Base,San Antonio,29.5297,-98.2789
RNO,Reno Tahoe International Airport,Reno,39.4991,-119.768
RNT,Renton Municipal Airport,Renton,47.4931,-122.216
RNZ,Jasper County Airport,Rensselaer,40.9479,-87.1826
ROA,Roanoke–Blacksburg Regional Airport,Roanoke VA,37.3255,-79.9754
ROC,Greater Rochester International Airport,Rochester,43.1189,-77.6724
ROW,Roswell International Air Center Airport,Roswell,33.3016,-104.531
RSH,Russian Mission Airport,Russian Mission,61.77888,-161.31946
RSL,Russell Municipal Airport,Russell,38.8721,-98.8118
RST,Rochester International Airport,Rochester,43.9083,-92.5
RSW,Southwest Florida International Airport,Fort Myers,26.5362,-81.7552
RTN,Raton Municipal-Crews Field,Raton,36.7415,-104.502
RUI,Sierra Blanca Regional Airport,Ruidoso,33.4628,-105.535
RUT,Rutland - Southern Vermont Regional Airport,Rutland,43.5294,-72.9496
RVS,Richard Lloyd Jones Jr Airport,Tulsa,36.0396,-95.9846
RWF,Redwood Falls Municipal Airport,Redwood Falls,44.5472,-95.0823
RWI,Rocky Mount Wilson Regional Airport,Rocky Mount,35.8563,-77.8919
RWL,Rawlins Municipal Airport/Harvey Field,Rawlins,41.8056,-107.2
SAA,Shively Field,SARATOGA,41.4449,-106.824
SAC,Sacramento Executive Airport,Sacramento,38.5125,-121.493
SAD,Safford Regional Airport,Safford,32.8548,-109.635
SAF,Santa Fe Municipal Airport,Santa Fe,35.6171,-106.089
SAN,San Diego International Airport,San Diego,32.7336,-117.19
SAT,San Antonio International Airport,San Antonio,29.5337,-98.4698
SAV,Savannah Hilton Head International Airport,Savannah,32.1276,-81.2021
SBA,Santa Barbara Municipal Airport,Santa Barbara,34.4262,-119.84
SBD,San Bernardino International Airport,San Bernardino,34.0954,-117.235
SBM,Sheboygan County Memorial Airport,Sheboygan,43.7696,-87.8514
SBN,South Bend Regional Airport,South Bend,41.7087,-86.3173
SBP,San Luis County Regional Airport,San Luis Obispo,35.2368,-120.642
SBS,Steamboat Springs Bob Adams Field,Steamboat Springs,40.5163,-106.866
SBY,Salisbury Ocean City Wicomico Regional Airport,Salisbury,38.3405,-75.5103
SCC,Deadhorse Airport,Deadhorse,70.1947,-148.465
SCE,University Park Airport,State College Pennsylvania,40.8493,-77.8487
SCF,Scottsdale Airport,Scottsdale,33.6229,-111.911
SCH,Schenectady County Airport,Scotia NY,42.8525,-73.9289
SCK,Stockton Metropolitan Airport,Stockton,37.8942,-121.238
SCM,Scammon Bay Airport,Scammon Bay,61.8453,-165.571
SDF,Louisville International Standiford Field,Louisville,38.1744,-85.736
SDM,Brown Field Municipal Airport,San Diego,32.5723,-116.98
SDP,Sand Point Airport,Sand Point,55.315,-160.52299
SDX,Sedona Airport,Sedona,34.8486,-111.788
SDY,Sidney - Richland Regional Airport,Sidney,47.7069,-104.193
SEA,Seattle Tacoma International Airport,Seattle,47.449,-122.309
SEE,Gillespie Field,El Cajon,32.8262,-116.972
SEF,Sebring Regional Airport,Sebring,27.4564,-81.3424
SEM,Craig Field,Selma,32.3439,-86.9878
SEP,Stephenville Clark Regional Airport,Stephenville,32.2153,-98.1777
SFB,Orlando Sanford International Airport,Sanford,28.7776,-81.2375
SFF,Felts Field,Spokane,47.6828,-117.323
SFO,San Francisco International Airport,San Francisco,37.619,-122.375
SFZ,North Central State Airport,Smithfield,41.9208,-71.4914
SGF,Springfield Branson National Airport,Springfield,37.2457,-93.3886
SGH,Springfield-Beckley Municipal Airport,Springfield,39.8403,-83.8402
SGR,Sugar Land Regional Airport,Sugar Land,29.6223,-95.6565
SGU,St George Municipal Airport,Saint George,37.03639,-113.51031
SGY,Skagway Airport,Skagway,59.4601,-135.31599
SHD,Shenandoah Valley Regional Airport,Weyers Cave,38.2638,-78.8964
SHG,Shungnak Airport,Shungnak,66.8881,-157.162
SHH,Shishmaref Airport,Shishmaref,66.2496,-166.08911
SHN,Sanderson Field,Shelton,47.2336,-123.148
SHR,Sheridan County Airport,Sheridan,44.7692,-106.98
SHV,Shreveport Regional Airport,Shreveport,32.4466,-93.8256
SHX,Shageluk Airport,Shageluk,62.6923,-159.569
SIK,Sikeston Memorial Municipal Airport,Sikeston,36.8989,-89.5618
SIT,Sitka Rocky Gutierrez Airport,Sitka,57.0471,-135.362
SJC,Norman Y. Mineta San Jose International Airport,San Jose,37.3626,-121.929
SJT,San Angelo Regional Mathis Field,San Angelo,31.3577,-100.496
SKA,Fairchild Air Force Base,Spokane,47.6151,-117.656
SKF,Lackland Air Force Base,San Antonio,29.3842,-98.5811
SKK,Shaktoolik Airport,Shaktoolik,64.3711,-161.224
SKY,Griffing Sandusky Airport,Sandusky,41.4334,-82.6523
SLC,Salt Lake City International Airport,Salt Lake City,40.7884,-111.978
SLE,Salem Municipal Airport/McNary Field,Salem,44.9095,-123.003
SLK,Adirondack Regional Airport,Saranac Lake,44.3853,-74.2062
SLN,Salina Municipal Airport,Salina,38.791,-97.6522
SLQ,Sleetmute Airport,Sleetmute,61.7005,-157.166
SMD,Smith Field,Fort Wayne IN,41.1434,-85.1528
SME,Lake Cumberland Regional Airport,Somerset,37.0534,-84.6159
SMF,Sacramento International Airport,Sacramento,38.6954,-121.591
SMK,St Michael Airport,St. Michael,63.4901,-162.11
SMN,Lemhi County Airport,Salmon,45.1238,-113.881
SMO,Santa Monica Municipal Airport,Santa Monica,34.0158,-118.451
SMX,Santa Maria Pub/Capt G Allan Hancock Field,Santa Maria,34.8989,-120.457
SNA,John Wayne Airport-Orange County Airport,Santa Ana,33.6757,-117.868
SNP,St Paul Island Airport,St. Paul Island,57.1673,-170.22
SNS,Salinas Municipal Airport,Salinas,36.6628,-121.606
SNY,Sidney Municipal-Lloyd W Carr Field,Sidney,41.1013,-102.985
SOP,Moore County Airport,Pinehurst-Southern Pines,35.2374,-79.3912
SOV,Seldovia Airport,Seldovia,59.4424,-151.70399
SOW,Show Low Regional Airport,Show Low,34.2655,-110.006
SPA,Spartanburg Downtown Memorial Airport,Spartangurg,34.9157,-81.9565
SPF,Black Hills Airport-Clyde Ice Field,Spearfish-South Dakota,44.4803,-103.783
SPG,Albert Whitted Airport,St. Petersburg,27.7651,-82.627
SPI,Abraham Lincoln Capital Airport,Springfield,39.8441,-89.6779
SPS,Sheppard Air Force Base-Wichita Falls Municipal Airport,Wichita Falls,33.9888,-98.4919
SPW,Spencer Municipal Airport,Spencer,43.1655,-95.2028
SQA,Santa Ynez Airport,Santa Ynez,34.6068,-120.076
SQL,San Carlos Airport,San Carlos,37.5119,-122.25
SRQ,Sarasota Bradenton International Airport,Sarasota,27.3954,-82.5544
SSC,Shaw Air Force Base,Sumter,33.9727,-80.4706
SSF,Stinson Municipal Airport,Stinson,29.337,-98.4711
SSI,Malcolm McKinnon Airport,Brunswick,31.1518,-81.3913
STC,St Cloud Regional Airport,Saint Cloud,45.5466,-94.0599
STE,Stevens Point Municipal Airport,Stevens Point,44.5452,-89.5303
STG,St George Airport,Point Barrow,56.5783,-169.662
STJ,Rosecrans Memorial Airport,Rosecrans,39.7719,-94.9097
STK,Sterling Municipal Airport,Sterling,40.6153,-103.265
STL,St Louis Lambert International Airport,St. Louis,38.7487,-90.37
STP,St Paul Downtown Holman Field,St. Paul,44.9345,-93.06
STS,Charles M. Schulz Sonoma County Airport,Santa Rosa,38.509,-122.813
SUA,Witham Field,Stuart,27.1817,-80.2211
SUN,Friedman Memorial Airport,Hailey,43.5044,-114.296
SUS,Spirit of St Louis Airport,Null,38.6621,-90.652
SUU,Travis Air Force Base,Fairfield,38.2627,-121.927
SUX,Sioux Gateway Col. Bud Day Field,Sioux City,42.4026,-96.3844
SVA,Savoonga Airport,Savoonga,63.6864,-170.493
SVH,Statesville Regional Airport,Statesville,35.7653,-80.9539
SVN,Hunter Army Air Field,Hunter Aaf,32.01,-81.1457
SVW,Sparrevohn LRRS Airport,Sparrevohn,61.0974,-155.57401
SWD,Seward Airport,Seward,60.1269,-149.41901
SWF,Stewart International Airport,Newburgh,41.5041,-74.1048
SWO,Stillwater Regional Airport,Stillwater,36.1612,-97.0857
SXQ,Soldotna Airport,Soldotna,60.4757,-151.034
SYA,Eareckson Air Station,Shemya,52.7123,174.114
SYR,Syracuse Hancock International Airport,Syracuse,43.1112,-76.1063
SZL,Whiteman Air Force Base,Knobnoster,38.7303,-93.5479
TBN,Waynesville-St. Robert Regional Forney field,Fort Leonardwood,37.7416,-92.1407
TBR,Statesboro Bulloch County Airport,Statesboro,32.4827,-81.7369
TCC,Tucumcari Municipal Airport,Tucumcari,35.1828,-103.603
TCL,Tuscaloosa Regional Airport,Tuscaloosa AL,33.2206,-87.6114
TCM,McChord Air Force Base,Tacoma,47.1377,-122.476
TCS,Truth Or Consequences Municipal Airport,Truth Or Consequences,33.2369,-107.272
TEB,Teterboro Airport,Teterboro,40.8501,-74.0608
TEX,Telluride Regional Airport,Telluride,37.9538,-107.908
TIK,Tinker Air Force Base,Oklahoma City,35.4147,-97.3866
TIW,Tacoma Narrows Airport,Tacoma,47.2679,-122.578
TIX,Space Coast Regional Airport,Titusville,28.5148,-80.7992
TKA,Talkeetna Airport,Talkeetna,62.3205,-150.09399
TKF,Truckee Tahoe Airport,Truckee,39.32,-120.14
TKJ,Tok Junction Airport,Tok,63.3295,-142.95399
TLA,Teller Airport,Teller,65.2404,-166.339
TLH,Tallahassee Regional Airport,Tallahassee,30.3965,-84.3503
TLJ,Tatalina LRRS Airport,Tatalina,62.8944,-155.97701
TMA,Henry Tift Myers Airport,Tifton,31.429,-83.4885
TMB,Kendall-Tamiami Executive Airport,Kendall-tamiami,25.6479,-80.4328
TNC,Tin City Long Range Radar Station Airport,Tin City,65.5631,-167.922
TNT,Dade Collier Training and Transition Airport,Miami,25.8618,-80.897
TOA,Zamperini Field,Torrance,33.8034,-118.34
TOC,Toccoa Airport - R.G. Letourneau Field,Toccoa,34.5938,-83.2958
TOG,Togiak Airport,Togiak Village,59.0528,-160.397
TOI,Troy Municipal Airport at N Kenneth Campbell Field,Troy,31.8604,-86.0121
TOL,Toledo Express Airport,Toledo,41.5868,-83.8078
TOP,Philip Billard Municipal Airport,Topeka,39.0687,-95.6225
TPA,Tampa International Airport,Tampa,27.9755,-82.5332
TPF,Peter O Knight Airport,Tampa,27.9156,-82.4493
TPH,Tonopah Airport,Tonopah,38.0602,-117.087
TPL,Draughon Miller Central Texas Regional Airport,Temple,31.1525,-97.4078
TRI,Tri-Cities Regional TN/VA Airport,BRISTOL,36.4752,-82.4074
TRM,Jacqueline Cochran Regional Airport,Palm Springs,33.6267,-116.16
TSM,Taos Regional Airport,Taos,36.4582,-105.672
TTD,Portland Troutdale Airport,Troutdale,45.5494,-122.401
TTN,Trenton Mercer Airport,Trenton,40.2767,-74.8135
TUL,Tulsa International Airport,Tulsa,36.1984,-95.8881
TUP,Tupelo Regional Airport,Tupelo,34.2681,-88.7699
TUS,Tucson International Airport,Tucson,32.1161,-110.941
TVC,Cherry Capital Airport,Traverse City,44.7414,-85.5822
TVF,Thief River Falls Regional Airport,Thief River Falls,48.0657,-96.185
TVI,Thomasville Regional Airport,Thomasville,30.9016,-83.8813
TVL,Lake Tahoe Airport,South Lake Tahoe,38.8939,-119.995
TWF,Joslin Field Magic Valley Regional Airport,Twin Falls,42.4818,-114.488
TXK,Texarkana Regional Webb Field,Texarkana,33.4537,-93.991
TYR,Tyler Pounds Regional Airport,Tyler,32.3541,-95.4024
TYS,McGhee Tyson Airport,Knoxville,35.811,-83.994
TZR,Taszár Air Base,Columbus,46.3931,17.9175
UDD,Bermuda Dunes Airport,Palm Springs,33.7484,-116.275
UGN,Waukegan National Airport,Chicago,42.4222,-87.8679
UIN,Quincy Regional Baldwin Field,Quincy,39.9427,-91.1946
UKI,Ukiah Municipal Airport,Ukiah,39.126,-123.201
UKT,Quakertown Airport,Quakertown,40.4352,-75.3819
UNK,Unalakleet Airport,Unalakleet,63.8884,-160.799
UOS,Franklin County Airport,Sewanee,35.2051,-85.8981
UOX,University Oxford Airport,Oxford,34.3843,-89.5368
UPP,Upolu Airport,Opolu,20.2653,-155.86
USA,Concord-Padgett Regional Airport,Concord,35.3878,-80.7091
UST,Northeast Florida Regional Airport,St. Augustine Airport,29.9592,-81.3398
UTM,Tunica Municipal Airport,Tunica,34.681,-90.3467
UTO,Indian Mountain LRRS Airport,Indian Mountains,65.9928,-153.70399
UUK,Ugnu-Kuparuk Airport,Kuparuk,70.3308,-149.59801
UVA,Garner Field,Uvalde,29.2113,-99.7436
VAD,Moody Air Force Base,Valdosta,30.9678,-83.193
VAK,Chevak Airport,Chevak,61.5409,-165.6005
VBG,Vandenberg Air Force Base,Lompoc,34.7373,-120.584
VCT,Victoria Regional Airport,Victoria,28.8526,-96.9185
VCV,Southern California Logistics Airport,Victorville,34.5975,-117.383
VDI,Vidalia Regional Airport,Vidalia,32.1927,-82.3712
VDZ,Valdez Pioneer Field,Valdez,61.1339,-146.248
VEE,Venetie Airport,Venetie,67.0087,-146.366
VEL,Vernal Regional Airport,Vernal,40.4409,-109.51
VGT,North Las Vegas Airport,Las Vegas,36.2107,-115.194
VIS,Visalia Municipal Airport,Visalia,36.3187,-119.393
VLD,Valdosta Regional Airport,Valdosta,30.7825,-83.2767
VNC,Venice Municipal Airport,Venice,27.0716,-82.4403
VNY,Van Nuys Airport,Van Nuys,34.2098,-118.49
VOK,Volk Field,Camp Douglas,43.939,-90.2534
VPS,Destin-Ft Walton Beach Airport,Valparaiso,30.4832,-86.5254
VPZ,Porter County Municipal Airport,Valparaiso IN,41.454,-87.0071
VQQ,Cecil Airport,Jacksonville,30.2187,-81.8767
VRB,Vero Beach Regional Airport,Vero Beach,27.6556,-80.4179
VTN,Miller Field,Valentine,42.8578,-100.548
VYS,Illinois Valley Regional Airport-Walter A Duncan Field,Peru,41.3519,-89.1531
WAA,Wales Airport,Wales,65.62259,-168.095
WAL,Wallops Flight Facility Airport,Wallops Island,37.9402,-75.4664
WBQ,Beaver Airport,Beaver,66.3622,-147.407
WBU,Boulder Municipal Airport,Boulder,40.0394,-105.226
WBW,Wilkes Barre Wyoming Valley Airport,Wilkes-Barre,41.2972,-75.8512
WDR,Barrow County Airport,Winder,33.9829,-83.6674
WFK,Northern Aroostook Regional Airport,Frenchville,47.2855,-68.3128
WHP,Whiteman Airport,Los Angeles,34.2593,-118.413
WJF,General WM J Fox Airfield,Lancaster,34.7411,-118.219
WKK,Aleknagik / New Airport,Aleknagik,59.2826,-158.618
WKL,Waikoloa Heliport,Waikoloa Village,19.9205,-155.8607
WLD,Strother Field,Winfield,37.1686,-97.0376
WLK,Selawik Airport,Selawik,66.6001,-159.98599
WMC,Winnemucca Municipal Airport,Winnemucca,40.8966,-117.806
WMH,Ozark Regional Airport,Mountain Home,36.3689,-92.4705
WMO,White Mountain Airport,White Mountain,64.6892,-163.41299
WNA,Napakiak Airport,Napakiak,60.6903,-161.979
WRB,Robins Air Force Base,Macon,32.6401,-83.5919
WRG,Wrangell Airport,Wrangell,56.4843,-132.37
WRI,Mc Guire Air Force Base,Wrightstown,40.0156,-74.5917
WRL,Worland Municipal Airport,Worland,43.9657,-107.951
WSD,Condron Army Air Field,White Sands,32.3415,-106.403
WSN,South Naknek Nr 2 Airport,South Naknek,58.7034,-157.008
WST,Westerly State Airport,Washington County,41.3496,-71.8034
WTK,Noatak Airport,Noatak,67.5661,-162.97501
WVI,Watsonville Municipal Airport,Watsonville,36.9357,-121.79
WWA,Wasilla Airport,Wasilla,61.5717,-149.53999
WWD,Cape May County Airport,Wildwood,39.0085,-74.9083
WWR,West Woodward Airport,Woodward,36.438,-99.52267
WYS,Yellowstone Airport,West Yellowstone,44.6884,-111.118
XNA,Northwest Arkansas Regional Airport,Bentonville,36.2819,-94.3068
XSD,Tonopah Test Range Airport,Tonopah,37.7988,-116.781
YAK,Yakutat Airport,Yakutat,59.5033,-139.66
YIP,Willow Run Airport,Detroit,42.2379,-83.5304
YKM,Yakima Air Terminal McAllister Field,Yakima,46.5682,-120.544
YKN,Chan Gurney Municipal Airport,Yankton,42.9167,-97.3859
YNG,Youngstown Warren Regional Airport,Youngstown,41.2607,-80.6791
YUM,Yuma MCAS/Yuma International Airport,Yuma,32.6566,-114.606
ZPH,Zephyrhills Municipal Airport,Zephyrhills,28.2282,-82.1559
ZZV,Zanesville Municipal Airport,Zanesville,39.9444,-81.8921
